taxonorm,0.1.0,Sample,variants,,,,,,,,
222,en_US,Electronics,uk_UA,Електроніка,ru_RU,Электроника
222,223,en_US,Audio,uk_UA,Аудіо,ru_RU,Аудиосистемы
222,223,1420,en_US,Audio Accessories,uk_UA,Аудіоаксесуари,ru_RU,Принадлежности для аудиосистем
222,223,1420,232,en_US,MP3 Player Accessories,uk_UA,Аксесуари для MP3-плеєрів,ru_RU,Принадлежности для MP3-плееров
222,223,1420,232,3055,en_US,MP3 Player Cases,uk_UA,Чохли для MP3-плеєрів,ru_RU,Футляры для MP3-плееров
222,223,1420,232,7566,en_US,MP3 Player & Mobile Phone Accessory Sets,uk_UA,Набори аксесуарів для MP3-плеєра та мобільного телефону,ru_RU,Наборы принадлежностей для MP3-плееров и мобильных телефонов
222,223,1420,3306,en_US,Microphone Accessories,uk_UA,Аксесуари для мікрофонів,ru_RU,Принадлежности для микрофонов
222,223,1420,5395,en_US,Karaoke System Accessories,uk_UA,Аксесуари для систем караоке,ru_RU,Принадлежности для систем караоке
222,223,1420,5395,5396,en_US,Karaoke Chips,uk_UA,Чіпи для караоке,ru_RU,Карты с песнями караоке
222,223,1420,7163,en_US,Speaker Accessories,uk_UA,Аксесуари для колонок,ru_RU,Принадлежности для акустических колонок
222,223,1420,7163,500112,en_US,"Speaker Bags, Covers & Cases",uk_UA,"Сумки, чохли та кейси для колонок",ru_RU,"Сумки, футляры и чехлы для колонок"
222,223,1420,7163,500120,en_US,Speaker Components & Kits,uk_UA,Компоненти та набори для колонок,ru_RU,Детали и наборы деталей для аудиоколонок
222,223,2165,en_US,Audio Components,uk_UA,Аудіокомпоненти,ru_RU,Аудиокомпоненты
222,223,2165,224,en_US,Audio Amplifiers,uk_UA,Аудіопідсилювачі,ru_RU,Звуковые усилители
222,223,2165,224,4493,en_US,Headphone Amplifiers,uk_UA,Підсилювачі для навушників,ru_RU,Усилители для наушников
222,223,2165,224,5381,en_US,Power Amplifiers,uk_UA,Підсилювачі потужності,ru_RU,Стереоусилители
222,223,2165,234,en_US,Microphones,uk_UA,Мікрофони,ru_RU,Микрофоны
222,223,2165,241,en_US,Audio & Video Receivers,uk_UA,Аудіо- та відеоресивери,ru_RU,Аудио- и видеоресиверы
222,223,2165,246,en_US,Signal Processors,uk_UA,Процесори сигналу,ru_RU,Процессоры сигналов
222,223,2165,246,247,en_US,Effects Processors,uk_UA,Процесори ефектів,ru_RU,Эффект-процессоры
222,223,2165,246,5435,en_US,Crossovers,uk_UA,Кросовери,ru_RU,Кроссоверы
222,223,2165,249,en_US,Speakers,uk_UA,Динаміки,ru_RU,Акустические колонки
222,223,2165,6545,en_US,Channel Strips,uk_UA,Смуги каналів,ru_RU,Канальные линейки
222,223,2165,505771,en_US,Headphones & Headsets,uk_UA,Навушники та гарнітури,ru_RU,Наушники и гарнитуры
222,223,2165,505771,543626,en_US,Headphones,uk_UA,Навушники,ru_RU,Накладные наушники
222,223,2165,505771,543627,en_US,Headsets,uk_UA,Гарнітури,ru_RU,Головные гарнитуры
222,262,en_US,Communications,uk_UA,Засоби зв'язку,ru_RU,Связь
222,262,266,en_US,Answering Machines,uk_UA,Автовідповідачі,ru_RU,Автоответчики
222,262,270,en_US,Telephony,uk_UA,Телефонія,ru_RU,Телефония
222,262,270,264,en_US,Mobile Phone Accessories,uk_UA,Аксесуари для мобільних телефонів,ru_RU,Принадлежности для мобильных телефонов
222,262,270,264,6030,en_US,Mobile Phone Pre-Paid Cards & SIM Cards,uk_UA,Попередньо оплачені картки та SIM-картки для мобільних телефонів,ru_RU,SIM-карты для мобильных телефонов
222,262,270,264,6030,543515,en_US,Mobile Phone Pre-Paid Cards,uk_UA,Попередньо оплачені картки мобільних телефонів,ru_RU,Мобильные телефоны с предоплаченными картами
222,262,270,271,en_US,Corded Phones,uk_UA,Дротові телефони,ru_RU,Проводные телефоны
222,262,270,272,en_US,Cordless Phones,uk_UA,Бездротові телефони,ru_RU,Беспроводные телефоны
222,262,270,4666,en_US,Conference Phones,uk_UA,Телефони для конференцій,ru_RU,Телефоны для конференц-связи
222,262,2471,en_US,Communication Radios,uk_UA,Радіостанції,ru_RU,Товары для радиосвязи
222,262,2471,2106,en_US,CB Radios,uk_UA,CB радіо,ru_RU,СиБи-радио
222,262,2471,4415,en_US,Radio Scanners,uk_UA,Радіосканери,ru_RU,Радиосканеры
222,262,5404,en_US,Intercom Accessories,uk_UA,Аксесуари для домофонів,ru_RU,Принадлежности для домофонов
222,3356,en_US,Arcade Equipment,uk_UA,Обладнання для аркад,ru_RU,Оборудование для аркад
222,3356,3946,en_US,Pinball Machine Accessories,uk_UA,Аксесуари для автоматів пінбол,ru_RU,Принадлежности для машины для пинбола
222,3356,8085,en_US,Basketball Arcade Games,uk_UA,Аркадні ігри з баскетболом,ru_RU,Баскетбольные игровые автоматы
412,en_US,"Food, Beverages & Tobacco",uk_UA,"Їжа, напої та тютюнові вироби",ru_RU,"Продукты, напитки и табачные изделия"
412,413,en_US,Beverages,uk_UA,Напої,ru_RU,Напитки
412,413,499676,en_US,Alcoholic Beverages,uk_UA,Алкогольні напої,ru_RU,Алкогольные напитки
412,413,499676,414,en_US,Beer,uk_UA,Пиво,ru_RU,Пиво
412,413,499676,417,en_US,Liquor & Spirits,uk_UA,Алкогольні напої та спирт,ru_RU,Крепкие алкогольные напитки
412,413,499676,417,2364,en_US,Brandy,uk_UA,Бренді,ru_RU,Бренди
412,413,499676,417,502976,en_US,Shochu & Soju,uk_UA,Шочу та Соджу,ru_RU,Сетю и соджу
412,413,499676,417,502976,543642,en_US,Shochu,uk_UA,Шочу,ru_RU,Сётю
412,413,499676,417,502976,543643,en_US,Soju,uk_UA,Соджу,ru_RU,Соджу
412,413,499676,417,505761,en_US,Absinthe,uk_UA,Абсент,ru_RU,Абсент
412,413,499676,5725,en_US,Cocktail Mixes,uk_UA,Коктейльні мікси,ru_RU,Смеси для коктейлей
412,413,499676,5725,543536,en_US,Shelf-stable Cocktail Mixes,uk_UA,Коктейльні мікси для зберігання на полиці,ru_RU,Долгохранящиеся смеси для коктейлей
412,413,499676,5725,543537,en_US,Frozen Cocktail Mixes,uk_UA,Заморожені коктейльні мікси,ru_RU,Замороженные смеси для коктейлей
412,413,499676,5887,en_US,Flavored Alcoholic Beverages,uk_UA,Алкогольні напої зі смаком,ru_RU,Алкогольные напитки со вкусовыми добавками
412,413,499676,6761,en_US,Hard Cider,uk_UA,Сухий сидр,ru_RU,Крепкий сидр
412,413,499676,7486,en_US,Bitters,uk_UA,Біттери,ru_RU,Биттеры
