222,,,,,,Electronics,Електроніка,Электроника
222,223,,,,,Audio,Аудіо,Аудиосистемы
222,223,1420,,,,Audio Accessories,Аудіоаксесуари,Принадлежности для аудиосистем
222,223,1420,232,,,MP3 Player Accessories,Аксесуари для MP3-плеєрів,Принадлежности для MP3-плееров
222,223,1420,232,3055,,MP3 Player Cases,Чохли для MP3-плеєрів,Футляры для MP3-плееров
222,223,1420,232,7566,,MP3 Player & Mobile Phone Accessory Sets,Набори аксесуарів для MP3-плеєра та мобільного телефону,Наборы принадлежностей для MP3-плееров и мобильных телефонов
222,223,1420,3306,,,Microphone Accessories,Аксесуари для мікрофонів,Принадлежности для микрофонов
222,223,1420,5395,,,Karaoke System Accessories,Аксесуари для систем караоке,Принадлежности для систем караоке
222,223,1420,5395,5396,,Karaoke Chips,Чіпи для караоке,Карты с песнями караоке
222,223,1420,7163,,,Speaker Accessories,Аксесуари для колонок,Принадлежности для акустических колонок
222,223,1420,7163,500112,,"Speaker Bags, Covers & Cases","Сумки, чохли та кейси для колонок","Сумки, футляры и чехлы для колонок"
222,223,1420,7163,500120,,Speaker Components & Kits,Компоненти та набори для колонок,Детали и наборы деталей для аудиоколонок
222,223,2165,,,,Audio Components,Аудіокомпоненти,Аудиокомпоненты
222,223,2165,224,,,Audio Amplifiers,Аудіопідсилювачі,Звуковые усилители
222,223,2165,224,4493,,Headphone Amplifiers,Підсилювачі для навушників,Усилители для наушников
222,223,2165,224,5381,,Power Amplifiers,Підсилювачі потужності,Стереоусилители
222,223,2165,234,,,Microphones,Мікрофони,Микрофоны
222,223,2165,241,,,Audio & Video Receivers,Аудіо- та відеоресивери,Аудио- и видеоресиверы
222,223,2165,246,,,Signal Processors,Процесори сигналу,Процессоры сигналов
222,223,2165,246,247,,Effects Processors,Процесори ефектів,Эффект-процессоры
222,223,2165,246,5435,,Crossovers,Кросовери,Кроссоверы
222,223,2165,249,,,Speakers,Динаміки,Акустические колонки
222,223,2165,6545,,,Channel Strips,Смуги каналів,Канальные линейки
222,223,2165,505771,,,Headphones & Headsets,Навушники та гарнітури,Наушники и гарнитуры
222,223,2165,505771,543626,,Headphones,Навушники,Накладные наушники
222,223,2165,505771,543627,,Headsets,Гарнітури,Головные гарнитуры
222,262,,,,,Communications,Засоби зв'язку,Связь
222,262,266,,,,Answering Machines,Автовідповідачі,Автоответчики
222,262,270,,,,Telephony,Телефонія,Телефония
222,262,270,264,,,Mobile Phone Accessories,Аксесуари для мобільних телефонів,Принадлежности для мобильных телефонов
222,262,270,264,6030,,Mobile Phone Pre-Paid Cards & SIM Cards,Попередньо оплачені картки та SIM-картки для мобільних телефонів,SIM-карты для мобильных телефонов
222,262,270,264,6030,543515,Mobile Phone Pre-Paid Cards,Попередньо оплачені картки мобільних телефонів,Мобильные телефоны с предоплаченными картами
222,262,270,271,,,Corded Phones,Дротові телефони,Проводные телефоны
222,262,270,272,,,Cordless Phones,Бездротові телефони,Беспроводные телефоны
222,262,270,4666,,,Conference Phones,Телефони для конференцій,Телефоны для конференц-связи
222,262,2471,,,,Communication Radios,Радіостанції,Товары для радиосвязи
222,262,2471,2106,,,CB Radios,CB радіо,СиБи-радио
222,262,2471,4415,,,Radio Scanners,Радіосканери,Радиосканеры
222,262,5404,,,,Intercom Accessories,Аксесуари для домофонів,Принадлежности для домофонов
222,3356,,,,,Arcade Equipment,Обладнання для аркад,Оборудование для аркад
222,3356,3946,,,,Pinball Machine Accessories,Аксесуари для автоматів пінбол,Принадлежности для машины для пинбола
222,3356,8085,,,,Basketball Arcade Games,Аркадні ігри з баскетболом,Баскетбольные игровые автоматы
412,,,,,,"Food, Beverages & Tobacco","Їжа, напої та тютюнові вироби","Продукты, напитки и табачные изделия"
412,413,,,,,Beverages,Напої,Напитки
412,413,499676,,,,Alcoholic Beverages,Алкогольні напої,Алкогольные напитки
412,413,499676,414,,,Beer,Пиво,Пиво
412,413,499676,417,,,Liquor & Spirits,Алкогольні напої та спирт,Крепкие алкогольные напитки
412,413,499676,417,2364,,Brandy,Бренді,Бренди
412,413,499676,417,502976,,Shochu & Soju,Шочу та Соджу,Сетю и соджу
412,413,499676,417,502976,543642,Shochu,Шочу,Сётю
412,413,499676,417,502976,543643,Soju,Соджу,Соджу
412,413,499676,417,505761,,Absinthe,Абсент,Абсент
412,413,499676,5725,,,Cocktail Mixes,Коктейльні мікси,Смеси для коктейлей
412,413,499676,5725,543536,,Shelf-stable Cocktail Mixes,Коктейльні мікси для зберігання на полиці,Долгохранящиеся смеси для коктейлей
412,413,499676,5725,543537,,Frozen Cocktail Mixes,Заморожені коктейльні мікси,Замороженные смеси для коктейлей
412,413,499676,5887,,,Flavored Alcoholic Beverages,Алкогольні напої зі смаком,Алкогольные напитки со вкусовыми добавками
412,413,499676,6761,,,Hard Cider,Сухий сидр,Крепкий сидр
412,413,499676,7486,,,Bitters,Біттери,Биттеры
