taxonorm,0.1.0,Sample,variants,,,
Electronics
,Audio
,,Audio Accessories
,,,MP3 Player Accessories
,,,,MP3 Player Cases
,,,,MP3 Player & Mobile Phone Accessory Sets
,,,Microphone Accessories
,,,Karaoke System Accessories
,,,,Karaoke Chips
,,,Speaker Accessories
,,,,"Speaker Bags, Covers & Cases"
,,,,Speaker Components & Kits
,,Audio Components
,,,Audio Amplifiers
,,,,Headphone Amplifiers
,,,,Power Amplifiers
,,,Microphones
,,,Audio & Video Receivers
,,,Signal Processors
,,,,Effects Processors
,,,,Crossovers
,,,Speakers
,,,Channel Strips
,,,Headphones & Headsets
,,,,Headphones
,,,,Headsets
,Communications
,,Answering Machines
,,Telephony
,,,Mobile Phone Accessories
,,,,Mobile Phone Pre-Paid Cards & SIM Cards
,,,,,Mobile Phone Pre-Paid Cards
,,,Corded Phones
,,,Cordless Phones
,,,Conference Phones
,,Communication Radios
,,,CB Radios
,,,Radio Scanners
,,Intercom Accessories
,Arcade Equipment
,,Pinball Machine Accessories
,,Basketball Arcade Games
"Food, Beverages & Tobacco"
,Beverages
,,Alcoholic Beverages
,,,Beer
,,,Liquor & Spirits
,,,,Brandy
,,,,Shochu & Soju
,,,,,Shochu
,,,,,Soju
,,,,Absinthe
,,,Cocktail Mixes
,,,,Shelf-stable Cocktail Mixes
,,,,Frozen Cocktail Mixes
,,,Flavored Alcoholic Beverages
,,,Hard Cider
,,,Bitters
