taxonorm,0.1.0,Sample,variants,
Household appliances
Household appliances,Climate technology
Household appliances,Climate technology,Household fans
Household appliances,Large household appliances
Household appliances,Large household appliances,Refrigeration equipment
Household appliances,Large household appliances,Refrigeration equipment,Freezers
Household appliances,Large household appliances,Refrigeration equipment,Refrigerators
Electronics
Electronics,"Laptops, tablets, PCs"
Electronics,"Laptops, tablets, PCs",Laptops
Electronics,Audio and multimedia
Electronics,Audio and multimedia,Audio systems
Electronics,Audio and multimedia,Audio systems,Subwoofers
Electronics,Audio and multimedia,Audio systems,Microphones
Enterprise Solutions
Enterprise Solutions,Servers
Enterprise Solutions,Servers,Servers
Enterprise Solutions,Servers,Servers,Tower Servers
Enterprise Solutions,Servers,Servers,Rack Servers
Enterprise Solutions,Servers,Server options
Enterprise Solutions,Servers,Server options,Server Processors
